City_ID,City,Lat,Lng,Max Temp,Humidity,Cloudiness,Wind Speed,Country,Date
0,waitangi,-43.9535,-176.5597,9.9,86,100,4.92,NZ,1686684550
1,iqaluit,63.7506,-68.5145,5.85,52,75,6.17,CA,1686684550
2,karratha,-20.7377,116.8463,19.91,39,0,4.33,AU,1686684550
3,port-aux-francais,-49.35,70.2167,5.37,96,84,9.08,TF,1686684550
4,howrah,22.5892,88.3103,31.0,84,40,4.12,IN,1686684550
5,katsuren-haebaru,26.3369,127.8719,26.01,100,20,3.09,JP,1686684551
6,olonkinbyen,70.9221,-8.7187,2.85,90,9,12.09,SJ,1686684320
7,lebu,-37.6167,-73.65,12.19,60,100,5.28,CL,1686684551
8,manta,-0.95,-80.7333,29.88,89,40,8.05,EC,1686684551
9,wailua homesteads,22.0669,-159.378,26.24,87,100,8.23,US,1686684551
10,kailua-kona,19.6406,-155.9956,27.98,83,20,7.2,US,1686684551
11,bikenibeu village,1.3673,173.1241,28.98,84,40,3.09,KI,1686684552
12,albany,42.6001,-73.9662,23.21,60,100,0.45,US,1686684552
13,callao,-12.0667,-77.15,22.16,68,75,5.14,PE,1686684552
14,adamstown,-25.066,-130.1015,20.89,62,29,1.2,PN,1686684552
15,tokonou,9.65,-9.7833,22.27,94,100,2.28,GN,1686684552
16,blackmans bay,-43.0167,147.3167,4.85,93,77,1.77,AU,1686684552
17,saipan,15.1355,145.701,28.39,100,40,3.6,MP,1686684552
18,bilibino,68.0546,166.4372,-0.14,72,100,8.28,RU,1686684553
19,irati,-25.4672,-50.6511,8.98,99,100,2.03,BR,1686684553
20,edinburgh of the seven seas,-37.0676,-12.3116,15.16,94,100,4.8,SH,1686684320
21,margaret river,-33.95,115.0667,13.92,71,35,5.9,AU,1686684533
22,erenhot,43.6475,111.9767,23.86,19,98,4.11,CN,1686684553
23,kodiak,57.79,-152.4072,11.73,54,0,3.6,US,1686684553
24,port elizabeth,-33.918,25.5701,18.39,58,0,5.14,ZA,1686684553
25,celanova,42.153,-7.9551,19.33,89,32,2.29,ES,1686684554
26,bethel,41.3712,-73.414,24.38,70,100,3.09,US,1686684255
27,grytviken,-54.2811,-36.5092,-5.81,82,16,4.95,GS,1686684554
28,klyuchi,52.2667,79.1667,10.36,88,2,3.17,RU,1686684554
29,yamba,-5.9,22.3,23.79,70,10,0.24,CD,1686684554
30,tiksi,71.6872,128.8694,0.36,94,100,1.65,RU,1686684554
31,namdrik,5.5994,168.1028,28.03,80,93,7.52,MH,1686684554
32,utrik,11.2278,169.8474,27.69,83,100,8.95,MH,1686684555
33,joshimath,30.5667,79.5667,20.05,74,96,0.55,IN,1686684555
34,badger,64.8,-147.5333,15.28,55,40,1.54,US,1686684555
35,sarmiento,-45.5882,-69.07,7.25,40,21,2.11,AR,1686684555
36,colonia,50.9333,6.95,26.36,34,0,2.06,DE,1686684260
37,udachny,66.4167,112.4,13.03,34,73,1.99,RU,1686684555
38,yellowknife,62.456,-114.3525,14.29,62,75,4.63,CA,1686684555
39,mata-utu,-13.2816,-176.1745,27.69,77,100,5.7,WF,1686684556
40,khromtau,50.2503,58.4347,16.3,47,100,7.83,KZ,1686684556
41,whitehorse,60.7161,-135.0538,13.94,43,75,2.06,CA,1686684155
42,neryungri,56.6709,124.6491,-0.66,91,12,1.18,RU,1686684556
43,alma,48.5501,-71.6491,27.83,46,100,4.13,CA,1686684556
44,taoudenni,22.6783,-3.9836,39.55,10,0,3.57,ML,1686684556
45,atafu village,-8.5421,-172.5159,28.23,76,7,5.04,TK,1686684556
46,enewetak,11.3474,162.3373,27.61,81,68,8.84,MH,1686684556
47,chhabra,24.6667,76.8333,34.94,33,2,7.2,IN,1686684557
48,yeppoon,-23.1333,150.7333,14.88,87,7,1.24,AU,1686684557
49,karacabey,40.2152,28.4038,18.21,82,98,3.5,TR,1686684261
50,port douglas,-16.4833,145.4667,21.32,86,35,1.85,AU,1686684557
51,puerto deseado,-47.7503,-65.8938,7.41,61,25,5.26,AR,1686684557
52,benguela,-12.5763,13.4055,20.12,89,41,2.45,AO,1686684557
53,talnakh,69.4865,88.3972,1.23,87,100,3.31,RU,1686684557
54,fortuna,40.5982,-124.1573,18.29,86,75,2.57,US,1686684557
55,ushuaia,-54.8,-68.3,3.79,75,0,2.57,AR,1686684551
56,invercargill,-46.4,168.35,4.78,91,23,2.45,NZ,1686684558
57,ranibennur,14.6167,75.6167,24.45,78,37,5.74,IN,1686684559
58,petrovsk,52.3064,45.3917,14.66,77,100,6.33,RU,1686684559
59,lompoc,34.6391,-120.4579,24.83,74,75,3.13,US,1686684559
60,mukalla,14.5425,49.1242,32.6,69,100,3.42,YE,1686684559
61,zaozersk,69.4005,32.4476,6.98,64,100,9.47,RU,1686684559
62,copala,16.65,-98.9833,33.68,55,48,4.86,MX,1686684560
63,arkhara,49.4212,130.0842,16.82,98,100,0.86,RU,1686684560
64,hawaiian paradise park,19.5933,-154.9731,26.05,89,40,2.57,US,1686684560
65,puerto ayora,-0.7393,-90.3518,30.98,93,41,4.47,EC,1686684560
66,port saint john's,-31.6229,29.5448,19.42,46,65,4.84,ZA,1686684560
67,constantia,44.1833,28.65,19.38,80,19,5.47,RO,1686684560
68,west island,-12.1568,96.8225,26.99,83,75,8.24,CC,1686684560
69,nampula,-15.1165,39.2666,20.97,64,0,3.09,MZ,1686684561
70,aasiaat,68.7098,-52.8699,0.68,83,44,2.61,GL,1686684561
71,dabola,10.75,-11.1167,23.53,90,100,4.08,GN,1686684561
72,olinda,-8.0089,-34.8553,27.85,69,40,6.17,BR,1686684561
73,georgetown,5.4112,100.3354,29.96,84,20,1.54,MY,1686684445
74,avarua,-21.2078,-159.775,24.03,73,100,4.63,CK,1686684561
75,cabinda,-5.55,12.2,25.08,88,75,2.57,AO,1686684562
76,nova vicosa,-17.8919,-39.3719,25.66,73,5,5.09,BR,1686684562
77,chibougamau,49.9168,-74.3659,24.79,41,75,4.12,CA,1686684383
78,port lincoln,-34.7333,135.8667,12.17,77,6,3.54,AU,1686684562
79,college,64.8569,-147.8028,14.7,53,40,1.54,US,1686684297
80,quellon,-43.1167,-73.6167,7.14,87,100,1.03,CL,1686684562
81,new norfolk,-42.7826,147.0587,5.51,89,39,1.24,AU,1686684562
82,puerto natales,-51.7236,-72.4875,6.25,70,75,1.03,CL,1686684562
83,whistler,50.1164,-122.9695,17.57,59,100,2.57,CA,1686684544
84,chalmette,29.9427,-89.9634,34.99,61,40,5.66,US,1686684563
85,new plymouth,-39.0667,174.0833,10.45,89,41,2.48,NZ,1686684477
86,east london,-33.0153,27.9116,20.82,43,100,5.71,ZA,1686684563
87,la junta,37.985,-103.5438,22.16,46,20,3.6,US,1686684334
88,sicuani,-14.2694,-71.2261,14.73,39,16,3.89,PE,1686684563
89,rakops,-21.0167,24.3333,14.12,27,0,3.18,BW,1686684563
90,thompson,55.7435,-97.8558,9.09,61,75,3.09,CA,1686684564
91,kirensk,57.7853,108.1119,8.21,67,100,1.8,RU,1686684564
92,sihanoukville,10.6093,103.5296,25.97,100,40,1.03,KH,1686684564
93,sorong,-0.8833,131.25,25.66,88,100,3.88,ID,1686684564
94,cabo san lucas,22.8909,-109.9124,33.67,51,0,4.63,MX,1686684564
95,mwinilunga,-11.7358,24.4293,16.67,43,18,0.97,ZM,1686684564
96,okhotsk,59.3833,143.3,6.59,87,76,0.14,RU,1686684564
97,neyshabur,36.2133,58.7958,27.23,18,5,1.66,IR,1686684565
98,iskateley,67.6803,53.1512,7.39,68,100,6.08,RU,1686684565
99,bredasdorp,-34.5322,20.0403,15.87,68,100,11.23,ZA,1686684565
100,abepura,-2.6333,140.5833,23.45,88,20,0.0,ID,1686684565
101,gazli,40.1333,63.45,32.26,13,0,3.39,UZ,1686684565
102,punta arenas,-53.15,-70.9167,5.06,75,100,2.57,CL,1686684565
103,namtsy,62.7161,129.6658,3.78,96,100,3.52,RU,1686684565
104,pechora,65.1472,57.2244,12.16,97,100,2.54,RU,1686684566
105,hami,42.8,93.45,29.77,10,31,1.67,CN,1686684566
106,lihue,21.9789,-159.3672,26.58,85,100,8.23,US,1686684566
107,perevolotskiy,51.8763,54.1938,17.31,56,100,7.52,RU,1686684566
108,kalmunai,7.4167,81.8167,27.04,79,100,2.67,LK,1686684566
109,helena valley west central,46.6629,-112.0604,24.29,54,0,1.79,US,1686684566
110,yarmouth,41.7057,-70.2286,25.34,83,75,3.6,US,1686684567
111,zheleznogorsk,52.331,35.3711,14.39,85,100,3.9,RU,1686684567
112,hamilton,39.1834,-84.5333,23.85,55,75,7.72,US,1686684428
113,valparaiso,-33.0393,-71.6273,14.13,67,0,5.66,CL,1686684567
114,anadyr,64.75,177.4833,2.28,93,100,15.0,RU,1686684567
115,sake,-1.5736,29.045,17.15,93,100,0.18,CD,1686684535
116,hithadhoo,-0.6,73.0833,28.49,77,32,3.54,MV,1686684568
117,vuktyl,63.8567,57.3094,13.45,78,100,4.05,RU,1686684568
118,gray,35.4167,-100.802,21.89,69,100,4.01,US,1686684568
119,san andres,12.5847,-81.7006,31.01,79,75,6.17,CO,1686684568
120,mitu,1.1983,-70.1733,28.42,74,87,1.33,CO,1686684568
121,biltine,14.5333,20.9167,27.82,55,100,5.19,TD,1686684568
122,luderitz,-26.6481,15.1594,13.41,77,0,5.33,NA,1686684568
123,fale old settlement,-9.3852,-171.2468,28.31,77,61,5.51,TK,1686684569
124,petropavlovsk-kamchatsky,53.0452,158.6483,9.33,71,0,3.0,RU,1686684569
125,qaqortoq,60.7167,-46.0333,6.24,99,100,1.41,GL,1686684569
126,saint-philippe,-21.3585,55.7679,22.77,76,0,3.56,RE,1686684569
127,jamestown,42.097,-79.2353,18.77,57,100,4.12,US,1686684569
128,huatabampo,26.8333,-109.6333,35.24,19,100,5.86,MX,1686684569
129,puerto armuelles,8.2833,-82.8667,30.99,75,100,2.24,PA,1686684569
130,buala,-8.145,159.5921,26.69,85,32,2.0,SB,1686684318
131,barcelos,41.5388,-8.6151,22.18,79,0,4.36,PT,1686684570
132,mhamid,29.82,-5.72,36.5,10,0,5.03,MA,1686684570
133,flying fish cove,-10.4217,105.6791,25.82,88,100,4.63,CX,1686684570
134,caleta de carquin,-11.0925,-77.6267,22.49,69,18,6.39,PE,1686684570
135,vila franca do campo,37.7167,-25.4333,21.23,80,95,3.66,PT,1686684570
136,urzhar,47.093,81.6294,18.56,42,46,5.1,KZ,1686684570
137,mammoth lakes,37.6485,-118.9721,17.4,45,0,3.6,US,1686684503
138,chita,52.0333,113.55,7.94,81,40,2.0,RU,1686684570
139,isafjordur,66.0755,-23.124,16.02,44,20,4.12,IS,1686684571
140,zapolyarnyy,69.4154,30.8136,7.6,60,66,8.94,RU,1686684571
141,nouadhibou,20.931,-17.0347,23.99,73,1,10.8,MR,1686684571
142,uturoa,-16.7333,-151.4333,27.23,75,32,8.9,PF,1686684571
143,port isabel,26.0734,-97.2086,34.48,65,40,6.17,US,1686684571
144,nova sintra,14.8667,-24.7167,21.5,82,39,5.18,CV,1686684571
145,alice springs,-23.7,133.8833,1.75,80,0,0.0,AU,1686684363
146,arkhangel'sk,64.5401,40.5433,12.23,93,100,2.42,RU,1686684571
147,horishni plavni,49.0097,33.6455,16.97,77,43,3.76,UA,1686684572
148,envira,-7.3,-70.2167,24.88,97,96,2.56,BR,1686684572
149,massawa,15.6097,39.45,34.0,42,10,2.15,ER,1686684572
150,thaon-les-vosges,48.25,6.4167,21.08,52,0,3.49,FR,1686684572
151,berbera,10.4396,45.0143,33.98,52,100,3.89,SO,1686684572
152,itoman,26.1247,127.6694,26.01,96,75,3.6,JP,1686684572
153,slyudyanka,51.6594,103.7061,10.34,91,100,1.76,RU,1686684572
154,magadan,59.5667,150.8,10.85,89,93,1.82,RU,1686684428
155,vanimo,-2.6741,141.3028,24.94,88,100,1.73,PG,1686684573
156,hammerfest,70.6634,23.6821,6.25,81,75,9.77,NO,1686684573
157,hobyo,5.3505,48.5268,26.26,82,100,10.58,SO,1686684573
158,port mathurin,-19.6833,63.4167,24.97,77,29,9.33,MU,1686684573
159,melekeok village,7.4957,134.6367,24.31,94,75,1.54,PW,1686684573
160,ascension,30.2169,-90.9001,35.61,57,40,3.6,US,1686684573
161,el jadid,33.2549,-8.506,21.4,67,7,7.37,MA,1686684573
162,rawson,-43.3002,-65.1023,11.51,28,66,2.9,AR,1686684574
163,coruripe,-10.1256,-36.1756,26.3,78,12,4.25,BR,1686684574
164,chonchi,-42.6128,-73.8092,8.4,82,100,0.45,CL,1686684574
165,gaiman,-43.2897,-65.4929,11.96,24,86,3.5,AR,1686684574
166,kota belud,6.351,116.4305,25.83,82,100,2.0,MY,1686684574
167,lazaro cardenas,17.9583,-102.2,31.27,57,18,4.87,MX,1686684574
168,midvagur,62.0511,-7.1939,12.46,71,0,1.54,FO,1686684574
169,saudarkrokur,65.7461,-19.6394,14.79,52,91,1.09,IS,1686684575
170,ribeira grande,38.5167,-28.7,20.22,94,40,6.26,PT,1686684575
171,kralendijk,12.15,-68.2667,30.99,70,75,9.26,BQ,1686684575
172,rajgarh,28.6333,75.3833,37.49,26,0,7.67,IN,1686684575
173,alofi,-19.0595,-169.9187,19.94,94,100,2.06,NU,1686684575
174,muromtsevo,56.3724,75.2418,6.67,72,6,1.38,RU,1686684575
175,selfoss,63.9331,-20.9971,16.14,67,98,3.55,IS,1686684575
176,ulety,51.3572,112.4849,10.04,92,100,0.73,RU,1686684575
177,afaahiti,-17.75,-149.2833,26.93,79,54,11.04,PF,1686684576
178,papatowai,-46.5619,169.4708,7.26,82,17,1.98,NZ,1686684576
179,carutapera,-1.195,-46.02,28.58,73,15,4.42,BR,1686684576
180,san patricio,28.017,-97.5169,36.2,48,15,7.66,US,1686684576
181,kununurra,-15.7667,128.7333,15.99,88,17,0.0,AU,1686684576
182,falenki,58.3613,51.5946,11.43,81,19,1.99,RU,1686684576
183,glace bay,46.1969,-59.957,22.93,46,100,4.12,CA,1686684436
184,maun,-19.9833,23.4167,8.98,49,0,2.57,BW,1686684577
185,tralee,52.2704,-9.7026,19.86,86,80,1.31,IE,1686684577
186,oromocto,45.8351,-66.4792,27.62,46,75,4.12,CA,1686684577
187,dudinka,69.4058,86.1778,1.46,80,100,4.44,RU,1686684577
188,northam,51.0333,-4.2167,17.03,83,17,2.61,GB,1686684577
189,kristiansund,63.1115,7.732,18.03,77,0,0.51,NO,1686684577
190,margate,51.3813,1.3862,17.15,74,2,4.02,GB,1686684577
191,chipiona,36.7366,-6.437,23.1,73,0,9.26,ES,1686684578
192,dhidhdhoo,6.8833,73.1,28.98,80,100,7.73,MV,1686684512
193,tofol,5.3248,163.0078,28.37,76,100,7.75,FM,1686684578
194,jacksonville,30.3322,-81.6556,35.12,54,75,7.2,US,1686683841
195,nema,57.5067,50.5011,10.88,80,0,1.5,RU,1686684578
196,kone,-21.0595,164.8658,17.59,83,0,1.95,NC,1686684578
197,vikhorevka,56.1201,101.1636,11.77,86,94,1.36,RU,1686684578
198,port alfred,-33.5906,26.891,18.99,54,98,3.58,ZA,1686684579
199,narimanov,46.6927,47.8498,22.95,21,45,3.9,RU,1686684579
200,vilyuchinsk,52.9306,158.4028,10.15,73,33,3.44,RU,1686684579
201,kenai,60.5544,-151.2583,11.05,75,100,8.23,US,1686684579
202,ust-nera,64.5667,143.2,9.19,41,99,2.49,RU,1686684579
203,kingston,17.997,-76.7936,33.47,63,20,10.29,JM,1686684579
204,broome,42.2506,-75.833,23.34,49,75,3.6,US,1686684579
205,ta`u,-14.2336,-169.5144,27.32,77,40,4.77,AS,1686684580
206,ystalyfera,51.7672,-3.7808,23.57,75,1,4.5,GB,1686684580
207,kapuskasing,49.4169,-82.4331,25.05,50,75,3.09,CA,1686684580
208,fortaleza,-3.7227,-38.5247,29.07,74,20,5.14,BR,1686684321
209,altay,47.8667,88.1167,16.8,56,54,2.12,CN,1686684580
210,moanda,-1.5575,13.2178,22.47,93,33,1.06,GA,1686684580
211,ambon,-3.6954,128.1814,26.6,43,40,2.06,ID,1686684580
212,arkalyk,50.2486,66.9114,12.78,59,0,9.02,KZ,1686684581
213,assab,13.0092,42.7394,31.36,74,100,5.97,ER,1686684581
214,barakani,-12.1356,44.4317,24.86,71,29,0.96,KM,1686684581
215,yugo-kamskiy,57.7053,55.5894,13.01,78,0,1.7,RU,1686684581
216,san ignacio,17.1561,-89.0714,38.08,41,20,3.09,BZ,1686684581
217,nemuro,43.3236,145.575,11.65,98,100,4.0,JP,1686684581
218,nantucket,41.2835,-70.0995,21.19,88,0,4.12,US,1686684330
219,guasdualito,7.2424,-70.7324,32.98,66,40,2.57,VE,1686684581
220,chuhar jamali,24.3895,67.9923,29.87,62,100,10.34,PK,1686684582
221,yanchep,-31.55,115.6833,17.01,72,100,4.0,AU,1686684582
222,longyearbyen,78.2186,15.6401,1.91,80,75,7.72,SJ,1686684582
223,bubaque,11.2833,-15.8333,27.9,79,100,5.94,GW,1686684582
224,kankan,10.3854,-9.3057,25.27,84,30,2.63,GN,1686684582
225,vila velha,-20.3297,-40.2925,25.97,83,20,6.17,BR,1686684582
226,ilulissat,69.2167,-51.1,3.01,65,75,3.09,GL,1686684582
227,island harbour,50.724,-1.2758,25.04,51,0,2.24,GB,1686684583
228,medina,24.4686,39.6142,37.24,7,0,5.14,SA,1686684583
229,maitum,6.0392,124.4986,25.01,91,100,1.74,PH,1686684583
230,an nuhud,12.7,28.4333,26.49,59,100,6.47,SD,1686684586
231,namsos,64.4662,11.4957,12.95,71,25,3.09,NO,1686684568
232,howard springs,-12.497,131.047,20.95,79,61,2.29,AU,1686684586
233,sur,22.5667,59.5289,33.52,50,100,2.88,OM,1686684587
234,chapeco,-27.0964,-52.6183,7.86,100,100,3.09,BR,1686684424
235,altai,46.3722,96.2583,10.73,62,17,1.32,MN,1686684587
236,mirnyy,62.5353,113.9611,10.69,34,100,4.02,RU,1686684587
237,deqen,29.9618,90.7188,8.22,95,100,0.26,CN,1686684587
238,hermanus,-34.4187,19.2345,15.16,83,100,14.26,ZA,1686684587
239,hazorasp,41.3194,61.0742,22.91,11,4,4.4,UZ,1686684587
240,recani,31.2846,-4.2688,34.95,13,0,2.51,MA,1686684587
241,acarau,-2.8856,-40.12,28.44,74,39,7.06,BR,1686684588
242,carupano,10.6678,-63.2585,29.86,69,26,6.08,VE,1686684588
243,morehead city,34.7229,-76.726,27.79,75,0,4.63,US,1686684588
244,plaza huincul,-38.926,-69.2086,13.41,24,17,1.34,AR,1686684588
245,gidrotorf,56.4744,43.5414,11.99,78,100,0.33,RU,1686684588
246,ferrandina,40.5012,16.4547,17.81,73,100,1.3,IT,1686684588
247,ulsteinvik,62.3432,5.8487,19.95,76,85,0.45,NO,1686684588
248,vylkove,45.4021,29.586,19.72,76,96,5.08,UA,1686684589
249,inarajan village,13.2736,144.7484,27.54,80,94,6.39,GU,1686684589
250,lagunas,-5.2269,-75.6753,29.07,81,29,1.17,PE,1686684589
251,kirakira,-10.4544,161.9205,25.86,86,12,2.49,SB,1686684589
252,newport,51.5877,-2.9984,27.3,79,7,5.37,GB,1686684589
253,tazovsky,67.4667,78.7,2.52,60,19,2.91,RU,1686684589
254,portland,45.5234,-122.6762,23.31,63,75,2.06,US,1686684370
255,minas de marcona,-15.2119,-75.1103,16.48,67,25,8.53,PE,1686684590
256,rostovka,55.3842,71.8891,7.44,62,0,3.38,RU,1686684590
257,pallisa,1.145,33.7094,19.05,92,100,2.43,UG,1686684590
258,tsiombe,-25.3,45.4833,18.59,67,9,3.18,MG,1686684528
259,natagaima,3.6206,-75.0941,34.77,40,100,2.0,CO,1686684590
260,pasni,25.2631,63.471,30.75,72,100,1.73,PK,1686684590
261,phongsali,21.6833,102.1058,16.74,99,99,0.69,LA,1686684590
262,kolonia,50.9333,6.95,26.13,34,0,2.06,DE,1686684495
263,severobaykal'sk,55.65,109.3167,4.97,91,40,1.93,RU,1686684590
264,oktyabr'skiy,54.4815,53.471,10.1,68,97,2.42,RU,1686684401
265,severo-yeniseyskiy,60.3725,93.0408,3.82,93,99,1.78,RU,1686684591
266,sargatskoye,55.6101,73.4972,7.17,65,10,3.23,RU,1686684591
267,oranjemund,-28.55,16.4333,13.39,79,46,1.73,NA,1686684591
268,gadzhiyevo,69.2551,33.3362,7.13,65,100,9.34,RU,1686684591
269,huarmey,-10.0681,-78.1522,23.86,65,6,6.18,PE,1686684591
270,tidjikja,18.5564,-11.4271,38.34,12,13,3.25,MR,1686684591
271,kuanda,56.3161,116.0806,5.2,77,0,0.47,RU,1686684591
272,happy valley-goose bay,53.3168,-60.3315,16.17,48,75,4.12,CA,1686684492
273,natal,-5.795,-35.2094,29.36,61,20,7.72,BR,1686684592
274,umm kaddadah,13.6017,26.6876,34.07,33,93,6.81,SD,1686684318
275,patrocinio,-18.9439,-46.9925,27.03,32,13,0.91,BR,1686684345
276,christchurch,-43.5333,172.6333,4.97,93,13,0.0,NZ,1686684438
277,pontianak,-0.0333,109.3333,25.99,100,100,0.51,ID,1686684592
278,isabela,6.7085,121.9711,25.64,91,100,1.87,PH,1686684592
279,vadso,70.0744,29.7487,8.49,57,40,8.75,NO,1686684592
280,puerto baquerizo moreno,-0.9,-89.6,27.55,83,75,7.2,EC,1686684593
281,remontnoye,46.5614,43.6501,23.18,66,100,4.17,RU,1686684593
282,ghat,24.9647,10.1728,35.16,18,100,9.32,LY,1686684593
283,cockburn town,21.4612,-71.1419,27.79,84,100,8.59,TC,1686684598
284,berdigestyakh,62.0989,126.6992,3.32,98,100,2.04,RU,1686684598
285,kyren,51.6828,102.1408,9.35,93,80,0.81,RU,1686684598
286,choibalsan,48.0667,114.5,16.64,75,100,6.63,MN,1686684598
287,maasin,10.1336,124.8447,24.98,95,99,2.17,PH,1686684599
288,porto novo,6.4965,2.6036,27.9,75,83,3.64,BJ,1686684599
289,kegeyli shahar,42.7767,59.6078,25.05,30,0,5.32,UZ,1686684599
290,al ghayzah,16.2079,52.176,29.85,80,100,2.89,YE,1686684599
291,stanley,54.868,-1.6985,20.16,68,0,3.09,GB,1686684599
292,remire-montjoly,4.9167,-52.2667,29.02,74,75,4.63,GF,1686684599
293,zahedan,29.4963,60.8629,28.95,16,0,0.0,IR,1686684599
294,qa'en,33.7265,59.1844,25.21,16,0,5.19,IR,1686684599
295,namibe,-15.1961,12.1522,17.59,85,0,1.65,AO,1686684600
296,bamboo flat,11.7,92.7167,28.05,83,40,2.57,IN,1686684600
297,velingara,13.15,-14.1167,35.51,39,100,3.56,SN,1686684600
298,kharp,66.8014,65.8081,9.77,89,100,2.09,RU,1686684601
299,manikpur,25.0667,81.1167,36.68,29,50,6.48,IN,1686684601
300,arteche,12.2645,125.4048,25.54,90,98,3.08,PH,1686684601
301,mao,39.8885,4.2658,22.31,88,20,2.57,ES,1686684601
302,cochin,9.9399,76.2602,25.99,88,65,2.26,IN,1686684601
303,jayapura,-2.5333,140.7,23.66,89,100,1.96,ID,1686684602
304,krasnovishersk,60.4078,57.082,11.97,85,86,1.83,RU,1686684603
305,wewak,-3.5534,143.6268,26.04,84,100,1.57,PG,1686684603
306,st ives,50.2086,-5.4875,16.18,90,71,2.69,GB,1686684604
307,merizo village,13.2658,144.6691,27.31,79,83,6.75,GU,1686684605
308,peace river,56.2501,-117.286,14.17,94,100,3.6,CA,1686684605
309,al jawf,29.5,38.75,27.46,29,0,4.97,SA,1686684606
310,fort mcmurray,56.7268,-111.381,26.77,41,0,3.6,CA,1686684546
311,tura,25.5198,90.2201,24.25,93,100,3.11,IN,1686684606
312,sinaloa de leyva,25.8333,-108.2333,39.53,6,8,5.68,MX,1686684607
313,teluk nibung,3.001,99.8164,25.68,88,100,1.05,ID,1686684607
314,mariehamn,60.0973,19.9348,13.92,67,0,2.06,AX,1686684608
315,revda,56.801,59.9303,8.86,76,0,1.7,RU,1686684608
316,agat village,13.3886,144.6585,27.52,89,75,2.06,GU,1686684608
317,pendleton,45.6721,-118.7886,31.78,32,0,8.23,US,1686684332
318,darazo,10.9938,10.4118,25.31,69,91,3.11,NG,1686684608
319,muscat,23.6139,58.5922,35.01,52,100,1.55,OM,1686684607
320,inhambane,-23.865,35.3833,20.04,80,0,2.69,MZ,1686684609
321,xapuri,-10.6517,-68.5044,14.06,87,100,3.12,BR,1686684609
322,sandakan,5.8402,118.1179,25.82,89,20,1.03,MY,1686684609
323,san antonio de pale,-1.4014,5.6325,24.81,88,32,4.36,GQ,1686684609
324,kapa'a,22.0752,-159.319,26.99,87,100,8.23,US,1686684398
325,tangalle,6.024,80.7911,26.43,85,100,5.51,LK,1686684609
326,malango,-2.9627,119.9001,19.99,99,100,0.46,ID,1686684610
327,dehui,44.5333,125.7,17.1,67,86,2.08,CN,1686684610
328,strezhevoy,60.7333,77.5889,6.43,60,91,2.97,RU,1686684610
329,bijie,27.3125,105.2942,14.96,95,100,1.19,CN,1686684610
330,lorengau,-2.0226,147.2712,26.75,79,100,0.51,PG,1686684610
331,hilo,19.7297,-155.09,26.17,73,40,2.57,US,1686684611
332,independencia,-5.3964,-40.3086,31.31,35,42,3.13,BR,1686684611
333,queenstown,-31.8976,26.8753,10.89,57,88,9.34,ZA,1686684425
334,bardai,11.65,7.2333,24.51,69,100,5.9,NG,1686684611
335,qujing,25.4833,103.7833,16.17,75,100,0.23,CN,1686684611
336,santa cruz cabralia,-16.2781,-39.0247,25.13,83,75,1.54,BR,1686684612
337,jumla,29.2747,82.1838,14.35,82,24,0.39,NP,1686684612
338,nishinoomote,30.7333,131.0,23.72,92,100,7.69,JP,1686684612
339,papao,-17.75,-149.55,27.82,77,44,11.97,PF,1686684612
340,malpe,13.35,74.7167,25.61,80,75,1.82,IN,1686684612
341,salinas,36.6777,-121.6555,20.45,75,100,5.14,US,1686684560
342,akureyri,65.6835,-18.0878,13.96,58,0,6.17,IS,1686684612
343,fort saskatchewan,53.7168,-113.2187,28.71,51,100,6.69,CA,1686684612
344,pindushi,62.9152,34.58,13.98,70,100,0.74,RU,1686684613
345,carnarvon,-24.8667,113.6333,15.64,39,0,7.68,AU,1686684613
346,dolinsk,47.35,142.8,10.91,99,100,0.63,RU,1686684613
347,slave lake,55.2834,-114.769,19.99,73,100,3.09,CA,1686684613
348,sena madureira,-9.0656,-68.6569,18.75,95,100,3.02,BR,1686684613
349,ulanhot,46.0833,122.0833,19.52,52,65,3.81,CN,1686684613
350,tamanrasset,22.785,5.5228,33.95,14,40,2.06,DZ,1686684426
351,brisas de zicatela,15.8369,-97.0419,32.22,62,10,3.58,MX,1686684614
352,imbituba,-28.24,-48.6703,12.01,91,100,4.41,BR,1686684614
353,sinabang,2.4803,96.3801,26.77,77,42,0.89,ID,1686684614
354,usinsk,65.9939,57.5281,11.04,95,100,5.41,RU,1686684436
355,kyenjojo,0.6328,30.6214,17.67,92,100,0.64,UG,1686684614
356,chiredzi,-21.05,31.6667,16.09,24,0,3.0,ZW,1686684614
357,broken hill,-31.95,141.4333,7.77,85,5,3.43,AU,1686684614
358,el bordo,2.117,-76.9821,30.96,44,34,0.98,CO,1686684615
359,kursk,51.7303,36.1939,14.11,76,0,3.13,RU,1686684615
360,port-vila,-17.7338,168.3219,21.78,94,100,1.54,VU,1686684615
361,shixing,24.9482,114.0657,23.16,96,100,1.16,CN,1686684615
362,al mijlad,11.0333,27.7333,28.7,59,100,8.04,SD,1686684615
363,wanning,18.8003,110.3967,26.52,89,100,4.22,CN,1686684615
364,siqueira campos,-23.6889,-49.8339,13.03,97,100,4.62,BR,1686684615
365,griffith,41.5284,-87.4237,17.86,89,100,5.14,US,1686684616
366,arraial do cabo,-22.9661,-42.0278,23.98,83,40,2.57,BR,1686684396
367,igarka,67.4667,86.5833,3.04,98,100,3.32,RU,1686684616
368,cuamba,-14.8031,36.5372,18.1,45,1,0.68,MZ,1686684616
369,aswan,24.0934,32.907,36.61,20,0,4.12,EG,1686684616
370,sarandi,-23.4436,-51.8739,14.75,100,100,0.0,BR,1686684616
371,nar'yan-mar,67.6713,53.087,6.61,72,100,6.34,RU,1686684617
372,la passe,45.5549,-0.8967,25.13,88,100,4.07,FR,1686684617
373,chebli,36.5772,3.0092,22.75,76,90,0.68,DZ,1686684617
374,trail,49.0998,-117.7022,32.05,38,100,2.9,CA,1686684422
375,kolonia town,6.964,158.206,28.0,83,100,3.09,FM,1686684617
376,bay harbor,30.1471,-85.6146,31.04,70,40,6.17,US,1686684617
377,zadar,44.1197,15.2422,20.34,68,0,0.0,HR,1686684617
378,mugia,43.1041,-9.2179,18.84,89,5,3.61,ES,1686684618
379,nabire,-3.3667,135.4833,24.48,93,100,1.64,ID,1686684618
380,gallup,35.5281,-108.7426,21.42,27,75,4.63,US,1686684618
381,itaueira,-7.6033,-43.0256,32.32,35,98,4.81,BR,1686684618
382,mar del plata,-38.0023,-57.5575,13.3,45,0,5.14,AR,1686684369
383,westport,41.1415,-73.3579,25.71,66,20,6.17,US,1686684390
384,makurdi,7.7411,8.5121,24.73,91,79,1.83,NG,1686684618
385,aitape,-3.1374,142.3475,25.02,85,100,1.53,PG,1686684619
386,acapulco de juarez,16.8634,-99.8901,32.9,66,0,5.14,MX,1686684455
387,polyarnyy,69.1989,33.4478,6.82,67,100,8.68,RU,1686684619
388,pisco,-13.7,-76.2167,22.03,68,5,4.63,PE,1686684619
389,pont rouge,48.8833,-72.0825,27.06,68,100,6.57,CA,1686684619
390,kyabe,9.4515,18.9449,25.98,69,24,1.55,TD,1686684619
391,hotan,37.0997,79.9269,28.16,19,94,6.87,CN,1686684619
392,jasper,37.2001,-94.3502,27.84,42,40,4.63,US,1686684386
393,tadine,-21.55,167.8833,19.8,68,0,3.91,NC,1686684620
394,fisterra,42.9049,-9.2629,18.75,90,3,5.78,ES,1686684620
395,niquero,20.0431,-77.5828,30.12,67,17,0.41,CU,1686684620
396,kokopo,-4.352,152.2633,25.51,86,100,3.64,PG,1686684620
397,barra de santo antonio,-9.4047,-35.5072,27.6,83,0,3.88,BR,1686684620
398,bo phloi,14.3236,99.5161,26.52,77,100,2.67,TH,1686684620
399,sitka,57.0531,-135.33,10.94,82,75,3.6,US,1686684621
400,touros,-5.1989,-35.4608,26.31,70,84,6.33,BR,1686684621
401,angaur state,6.906,134.13,27.57,78,98,2.24,PW,1686684621
402,challapata,-18.9,-66.7667,12.18,11,0,14.75,BO,1686684621
403,hasaki,35.7333,140.8333,22.34,94,100,5.03,JP,1686684621
404,candido mendes,-1.4467,-45.7167,25.98,88,17,3.16,BR,1686684621
405,kili,5.6439,169.1211,28.3,77,12,6.69,MH,1686684621
406,sisimiut,66.9395,-53.6735,1.2,73,35,5.25,GL,1686684622
407,dondo,-19.6094,34.7431,22.73,72,0,1.19,MZ,1686684622
408,ermoupolis,37.4423,24.9425,22.39,56,5,2.57,GR,1686684622
409,guerrero negro,27.9769,-114.0611,21.01,62,12,9.22,MX,1686684622
410,mead,47.7674,-117.3549,30.24,45,0,5.14,US,1686684622
411,aykhal,66.0,111.5,10.69,55,19,1.95,RU,1686684622
412,yuzhno-kurilsk,44.0306,145.8556,10.22,99,100,2.5,RU,1686684622
413,kindu,-2.95,25.95,22.64,83,76,0.64,CD,1686684623
414,bundaberg north,-24.8551,152.3425,14.56,99,17,0.45,AU,1686684623
415,luninyets,52.2472,26.8047,13.02,72,100,2.91,BY,1686684623
416,mukharram al fawqani,34.8151,37.0861,19.03,72,1,4.24,SY,1686684623
417,smithers,54.7804,-127.1743,18.18,42,75,5.14,CA,1686684190
418,marsh harbour,26.5412,-77.0636,28.95,70,96,5.13,BS,1686684623
419,mount pearl,47.5166,-52.7813,10.53,90,100,7.72,CA,1686684624
420,monteagudo,-19.8167,-63.9833,11.15,47,95,3.47,BO,1686684624
421,lejanias,3.5251,-74.0216,25.98,83,97,1.49,CO,1686684624
422,motygino,58.1831,94.7592,8.75,67,100,0.3,RU,1686684624
423,arroyo de la luz,39.4851,-6.584,20.83,55,52,5.41,ES,1686684624
424,omdurman,15.6445,32.4777,37.67,23,18,3.06,SD,1686684624
425,lincoln city,44.9582,-124.0179,19.47,90,100,2.24,US,1686684624
426,bechar,31.6167,-2.2167,36.18,9,15,4.63,DZ,1686684625
427,zaraza,9.3503,-65.3245,31.16,56,100,0.96,VE,1686684625
428,daokou,35.5639,114.5058,23.65,38,12,1.58,CN,1686684625
429,macas,-2.3167,-78.1167,28.86,54,20,4.63,EC,1686684333
430,daru,-9.0763,143.2092,24.96,90,92,6.01,PG,1686684625
431,tindouf,27.6711,-8.1474,29.25,32,0,10.29,DZ,1686684625
432,carolina beach,34.0352,-77.8936,31.04,70,2,6.91,US,1686684422
433,sirte,31.2089,16.5887,23.32,71,0,4.75,LY,1686684626
434,madimba,-10.4,40.3333,23.58,73,0,2.14,TZ,1686684440
435,sundargarh,22.1167,84.0333,32.94,42,73,5.24,IN,1686684626
436,akjoujt,19.6969,-14.4164,35.79,14,18,5.46,MR,1686684626
437,ancud,-41.8697,-73.8203,7.45,77,100,0.48,CL,1686684626
438,kruisfontein,-34.0033,24.7314,17.16,69,100,4.54,ZA,1686684626
439,shamgarh,24.1833,75.6333,29.97,57,0,9.19,IN,1686684626
440,vrontados,38.4089,26.1328,21.92,73,0,1.54,GR,1686684627
441,santa ana,33.7456,-117.8678,23.31,68,100,3.6,US,1686684091
442,ola,59.5833,151.2833,11.19,85,83,1.71,RU,1686684627
443,naze,28.3667,129.4833,22.51,91,100,4.89,JP,1686684627
444,waingapu,-9.6567,120.2641,22.55,85,100,3.65,ID,1686684627
445,toamasina,-18.1667,49.3833,22.0,94,75,2.57,MG,1686684627
446,sosnovyy bor,59.9,29.1167,13.8,65,1,2.38,RU,1686684627
447,esperanza,19.5847,-70.9849,36.32,56,22,2.24,DO,1686684560
448,sinan,34.8262,126.1086,18.06,82,80,3.99,KR,1686684628
449,ranchettes,41.2186,-104.7903,16.32,73,100,3.58,US,1686684628
450,dahab,28.501,34.5134,30.52,46,4,1.2,EG,1686684628
451,vernon,50.2581,-119.2691,29.61,31,100,2.06,CA,1686684607
452,kasongo,-4.45,26.6667,22.99,78,88,0.97,CD,1686684628
453,victorica,-36.2151,-65.4359,14.0,17,43,6.47,AR,1686684628
454,bandar lampung,-5.4254,105.258,23.55,95,49,1.11,ID,1686684629
455,horta,38.5333,-28.6333,19.8,92,40,6.26,PT,1686684629
456,ellsworth,44.5434,-68.4195,22.05,87,100,1.54,US,1686684629
457,nakhon phanom,17.3333,104.4167,24.13,95,100,1.68,TH,1686684629
458,iraquara,-12.2486,-41.6194,26.84,56,1,3.13,BR,1686684629
459,fort bragg,35.139,-79.006,29.55,41,40,3.09,US,1686684473
460,el nido,11.1858,119.3956,27.48,81,100,1.64,PH,1686684630
461,elassona,39.8947,22.1886,18.63,78,73,0.91,GR,1686684630
462,belyy yar,53.6039,91.3903,13.94,82,0,6.0,RU,1686684630
463,rondonopolis,-16.4708,-54.6356,14.05,77,100,4.72,BR,1686684539
464,marquette,46.5333,-87.6335,13.21,96,100,4.65,US,1686684631
465,pollau,47.3,15.8333,17.42,55,77,0.83,AT,1686684631
466,tan-tan,28.438,-11.1032,20.55,77,4,7.35,MA,1686684631
467,kavaratti,10.5669,72.642,29.2,76,75,8.74,IN,1686684632
468,vorgashor,67.5833,63.95,7.86,92,100,4.83,RU,1686684632
469,undurkhaan,47.3194,110.6556,17.14,70,48,4.43,MN,1686684632
470,laojunmiao,39.8333,97.7333,18.59,22,48,3.06,CN,1686684632
471,porbandar,21.6422,69.6093,28.38,85,100,14.54,IN,1686684632
472,amherst,41.3978,-82.2224,18.6,72,75,9.77,US,1686684632
473,talcahuano,-36.7167,-73.1167,13.82,47,0,3.6,CL,1686684633
474,linden,6.0,-58.3,30.93,58,82,2.73,GY,1686684633
475,gantang,26.92,119.6333,23.53,96,100,0.66,CN,1686684633
476,escanaba,45.7453,-87.0646,13.62,100,100,3.09,US,1686684633
477,codrington,-38.2667,141.9667,11.28,80,92,5.9,AU,1686684634
478,labytnangi,66.6572,66.4183,10.5,86,100,3.19,RU,1686684634
479,zakynthos,37.7914,20.8953,23.13,78,20,0.0,GR,1686684634
480,nagqu,31.5,92.0,4.21,87,68,1.65,CN,1686684634
481,geraldton,-28.7667,114.6,8.23,93,9,5.66,AU,1686684634
482,zuunmod,47.7069,106.9528,11.57,88,99,1.57,MN,1686684634
483,villa del totoral,-30.8167,-63.7167,13.23,28,0,3.74,AR,1686684634
484,olonets,60.9847,32.9698,11.58,61,87,2.07,RU,1686684635
485,gazojak,41.1875,61.4036,29.42,11,1,4.44,TM,1686684635
486,posto fiscal rolim de moura,-13.0833,-62.2667,11.32,80,100,3.35,BR,1686684635
487,bonthe,7.5264,-12.505,26.98,76,100,4.03,SL,1686684635
488,macaubas,-13.0194,-42.6986,28.75,26,0,1.73,BR,1686684635
489,katsuura,35.1333,140.3,22.56,93,100,5.26,JP,1686684635
490,keflavik,64.0049,-22.5624,11.95,66,20,4.63,IS,1686684635
491,cody,44.5263,-109.0565,22.17,58,20,3.09,US,1686684636
492,mount isa,-20.7333,139.5,13.87,41,8,4.63,AU,1686684636
493,crane,31.3974,-102.3501,36.4,11,21,6.85,US,1686684636
494,mossel bay,-34.1831,22.146,18.96,63,100,11.28,ZA,1686684636
495,green river,41.5286,-109.4662,19.43,54,40,0.89,US,1686684579
496,le port,-20.9373,55.2919,23.0,87,0,2.99,RE,1686684636
497,trinidad,-14.8333,-64.9,10.99,82,100,4.63,BO,1686684636
498,khandyga,62.6667,135.6,8.46,96,100,1.22,RU,1686684636
499,antsiranana,-12.2787,49.2917,22.2,90,3,2.9,MG,1686684637
500,penzance,50.1186,-5.5371,16.38,90,48,3.64,GB,1686684637
501,st. john's,47.5649,-52.7093,10.99,90,100,7.72,CA,1686684353
502,puerto aysen,-45.4,-72.7,4.02,81,100,6.69,CL,1686684486
503,matthew town,20.95,-73.6667,29.99,71,45,6.89,BS,1686684637
504,detroit lakes,46.8172,-95.8453,27.03,36,0,3.6,US,1686684637
505,halifax,44.6453,-63.5724,25.94,70,75,7.2,CA,1686684551
506,kyshtovka,56.555,76.6271,5.69,73,4,1.85,RU,1686684638
507,mancio lima,-7.6142,-72.8958,25.04,94,75,2.06,BR,1686684638
508,vershino-darasunskiy,52.35,115.5167,5.49,96,43,1.93,RU,1686684638
509,sarangani,5.4033,125.4636,26.08,83,100,3.27,PH,1686684638
510,coquimbo,-29.9533,-71.3436,12.85,71,0,4.63,CL,1686684638
511,shippensburg,40.0507,-77.5203,25.2,48,11,2.24,US,1686684638
512,guiuan,11.0333,125.7247,28.46,76,97,3.44,PH,1686684639
513,lata,40.1629,-8.3327,19.95,88,30,2.8,PT,1686684639
514,moyale,3.5167,39.0584,21.53,63,80,1.61,KE,1686684639
515,shingu,33.7333,135.9833,21.03,93,100,0.17,JP,1686684639
516,praia da vitoria,38.7333,-27.0667,23.14,68,20,3.93,PT,1686684639
517,emerald,-23.5333,148.1667,16.37,58,9,3.63,AU,1686684639
518,sakaiminato,35.55,133.2333,20.99,100,75,2.06,JP,1686684640
519,la'ie,21.6477,-157.9253,27.98,88,44,1.79,US,1686684640
520,patti,31.2808,74.8572,27.04,27,73,0.71,IN,1686684640
521,isangel,-19.55,169.2667,22.06,75,41,5.05,VU,1686684640
522,bereznik,62.8551,42.7072,15.56,48,50,3.57,RU,1686684640
523,egilsstadir,65.2653,-14.3948,9.95,76,0,7.72,IS,1686684640
524,okha,53.5739,142.9478,5.48,98,100,4.87,RU,1686684641
525,visby,57.6409,18.296,19.12,39,0,3.6,SE,1686684641
526,sandnessjoen,66.0217,12.6316,11.29,83,75,2.06,NO,1686684641
527,saint-pierre,-21.3393,55.4781,22.82,78,0,2.57,RE,1686684641
528,dryden,49.7833,-92.7503,25.16,53,40,3.6,CA,1686684641
529,plastun,44.7561,136.2939,11.75,99,100,1.05,RU,1686684641
530,xi'an,34.2583,108.9286,19.45,39,69,1.64,CN,1686684642
531,jaru,-10.4389,-62.4664,16.71,85,100,4.05,BR,1686684642
532,holmsund,63.706,20.3641,21.97,26,0,1.54,SE,1686684642
533,sidi salim,31.271,30.7867,22.43,74,2,2.75,EG,1686684642
534,bereeda,11.8704,51.0579,31.92,58,100,3.43,SO,1686684642
535,bayanaul,50.7889,75.6956,9.88,80,77,3.69,KZ,1686684643
536,ghardaia,32.4909,3.6735,35.64,16,0,2.57,DZ,1686684643
537,taber,49.8167,-112.1518,28.11,36,1,6.17,CA,1686684643
538,linxia chengguanzhen,35.6003,103.2064,13.15,50,100,1.97,CN,1686684643
539,salalah,17.0151,54.0924,29.05,89,75,4.12,OM,1686684643
540,sechura,-5.5569,-80.8222,27.72,56,7,6.98,PE,1686684644
541,antonio enes,-16.2325,39.9086,23.38,72,5,4.04,MZ,1686684644
542,jieshi,22.8134,115.8257,26.64,85,100,0.72,CN,1686684644
543,behshahr,36.6923,53.5526,25.97,64,78,1.51,IR,1686684644
544,taulaga,-11.0553,-171.0883,27.6,81,42,4.01,AS,1686684644
545,kargasok,59.0556,80.8572,4.95,73,70,3.09,RU,1686684644
546,tagab,34.855,69.6492,23.94,43,2,2.98,AF,1686684645
547,grand baie,-20.0182,57.5802,24.26,73,1,0.45,MU,1686684645
548,mejit,10.2753,170.8646,27.97,78,98,9.76,MH,1686684645
549,at taj,24.2049,23.2857,31.45,22,0,6.59,LY,1686684645
550,bazou,5.0569,10.4698,17.74,99,100,1.49,CM,1686684645
551,soio,-6.1349,12.3689,22.76,87,18,3.62,AO,1686684645
552,entebbe,0.0644,32.4469,22.18,69,100,1.03,UG,1686684645
553,enriquillo,17.9,-71.2333,31.82,65,1,5.25,DO,1686684645
554,wenling,28.3669,121.36,22.24,95,100,1.71,CN,1686684646
555,xiongzhou,25.1167,114.3,22.82,94,99,1.13,CN,1686684646
556,madalena,41.2162,-8.3345,21.53,74,13,2.56,PT,1686684646
557,harper,4.375,-7.7169,25.05,72,32,3.74,LR,1686684646
558,bodo,67.28,14.405,9.02,86,75,4.02,NO,1686684646
559,port moresby,-9.4431,147.1797,24.68,94,40,5.14,PG,1686684646
560,kill devil hills,36.0307,-75.676,25.0,72,0,4.63,US,1686684647
561,baijiantan,45.6333,85.1833,27.22,15,84,2.35,CN,1686684647
562,kisangani,0.5167,25.2,21.74,96,100,0.56,CD,1686684647
563,portales,34.1862,-103.3344,30.74,33,0,6.09,US,1686684647
564,idabel,33.8957,-94.8263,25.79,86,100,2.57,US,1686684557
